stn_name,rain_code,rain_days_num,rain_max_code,rain_max_val,rain_ttl,year,month
REGAVIM                                           ,0,14,0,64.1,166.3,2016,1
KEFAR HAROE                                       ,0,13,5,21.0,96.8,2016,1
ENAT                                              ,0,12,5,21.3,114.6,2016,1
NES ZIYYONA                                       ,0,10,5,16.5,96.0,2016,1
NIZZAN                                            ,0,11,0,18.8,73.1,2016,1
NAHAL OZ                                          ,0,12,0,54.5,181.6,2016,1
BE'ERI                                            ,0,13,0,38.7,189.9,2016,1
KISSUFIM                                          ,0,11,0,51.0,177.5,2016,1
NIRIM                                             ,0,12,0,64.4,187.3,2016,1
HAMADYA                                           ,0,10,0,25.4,86.1,2016,1
NE'OT SMADAR                                      ,0,3,0,0.4,0.8,2016,1
MASSADA                                           ,0,10,0,51.4,106.8,2016,1
NEWE UR                                           ,0,11,0,31.0,91.0,2016,1
SEDE ELIYYAHU                                     ,0,14,0,15.4,54.3,2016,1
HAZEVA                                            ,0,2,0,0.2,0.3,2016,1
PARAN                                             ,0,0,0,0.0,0.0,2016,1
YOTVATA                                           ,0,2,0,0.2,0.3,2016,1
NEWE ATIV                                         ,0,12,0,33.8,212.6,2016,1
YONATAN                                           ,0,14,0,59.5,159.0,2016,1
AVNE ETAN                                         ,0,13,0,42.5,106.8,2016,1
MEROM GOLAN PICMAN                                ,0,14,0,33.6,170.2,2016,1
REGAVIM                                           ,0,7,0,39.7,79.7,2016,2
KEFAR HAROE                                       ,0,7,5,27.3,60.0,2016,2
ENAT                                              ,0,6,0,41.5,97.5,2016,2
NES ZIYYONA                                       ,0,6,0,35.0,108.5,2016,2
NIZZAN                                            ,0,7,0,45.5,109.7,2016,2
NAHAL OZ                                          ,0,7,0,68.5,114.4,2016,2
BE'ERI                                            ,0,7,0,51.9,90.5,2016,2
KISSUFIM                                          ,0,5,0,53.0,122.0,2016,2
NIRIM                                             ,0,6,0,47.1,79.1,2016,2
HAMADYA                                           ,0,5,0,15.5,46.3,2016,2
NE'OT SMADAR                                      ,0,2,0,0.4,0.6,2016,2
MASSADA                                           ,0,5,0,26.8,59.3,2016,2
NEWE UR                                           ,0,5,0,21.5,49.5,2016,2
SEDE ELIYYAHU                                     ,0,6,0,12.1,43.9,2016,2
HAZEVA                                            ,0,5,0,0.7,1.3,2016,2
PARAN                                             ,0,1,0,0.8,0.8,2016,2
YOTVATA                                           ,0,1,0,1.5,1.5,2016,2
NEWE ATIV                                         ,0,7,0,55.3,141.3,2016,2
YONATAN                                           ,0,6,5,70.0,110.4,2016,2
AVNE ETAN                                         ,0,5,0,29.3,58.5,2016,2
MEROM GOLAN PICMAN                                ,0,8,0,59.7,126.8,2016,2
REGAVIM                                           ,0,10,0,11.4,31.1,2016,3
KEFAR HAROE                                       ,0,8,5,9.0,29.6,2016,3
ENAT                                              ,0,9,0,15.0,31.1,2016,3
NES ZIYYONA                                       ,8,7,0,4.0,10.9,2016,3
NIZZAN                                            ,0,9,0,13.8,19.6,2016,3
NAHAL OZ                                          ,0,6,0,18.8,41.6,2016,3
BE'ERI                                            ,0,8,0,9.2,21.4,2016,3
KISSUFIM                                          ,0,8,5,6.8,17.8,2016,3
NIRIM                                             ,0,8,5,5.6,13.4,2016,3
HAMADYA                                           ,0,7,0,2.7,8.7,2016,3
NE'OT SMADAR                                      ,0,3,0,19.7,21.5,2016,3
MASSADA                                           ,8,10,7,10.2,23.1,2016,3
NEWE UR                                           ,0,6,5,7.5,15.5,2016,3
SEDE ELIYYAHU                                     ,0,5,0,5.2,12.4,2016,3
HAZEVA                                            ,0,4,0,14.6,16.9,2016,3
PARAN                                             ,0,3,0,19.0,20.3,2016,3
YOTVATA                                           ,0,3,0,16.8,17.5,2016,3
NEWE ATIV                                         ,0,11,0,43.7,110.8,2016,3
YONATAN                                           ,0,10,0,28.5,71.5,2016,3
AVNE ETAN                                         ,0,11,0,16.1,48.7,2016,3
MEROM GOLAN PICMAN                                ,0,13,0,28.4,100.9,2016,3
REGAVIM                                           ,0,3,0,11.2,21.0,2016,4
KEFAR HAROE                                       ,0,3,5,15.2,15.4,2016,4
ENAT                                              ,0,2,0,14.4,15.4,2016,4
NES ZIYYONA                                       ,7,2,7,10.0,15.0,2016,4
NIZZAN                                            ,0,3,0,23.1,23.5,2016,4
NAHAL OZ                                          ,0,3,0,15.5,17.7,2016,4
BE'ERI                                            ,0,4,0,5.7,8.9,2016,4
KISSUFIM                                          ,0,4,5,23.0,26.5,2016,4
NIRIM                                             ,0,4,5,20.3,26.6,2016,4
HAMADYA                                           ,0,2,0,2.4,4.7,2016,4
NE'OT SMADAR                                      ,0,3,0,6.4,7.1,2016,4
MASSADA                                           ,0,4,0,10.0,16.5,2016,4
NEWE UR                                           ,0,2,5,6.5,11.0,2016,4
SEDE ELIYYAHU                                     ,0,3,0,8.8,13.6,2016,4
HAZEVA                                            ,0,3,0,9.8,17.2,2016,4
PARAN                                             ,0,3,0,23.1,24.6,2016,4
YOTVATA                                           ,0,2,0,0.3,0.6,2016,4
NEWE ATIV                                         ,0,2,0,45.3,70.8,2016,4
YONATAN                                           ,0,3,5,20.3,27.1,2016,4
AVNE ETAN                                         ,0,3,0,39.6,50.9,2016,4
MEROM GOLAN PICMAN                                ,0,3,0,31.0,33.9,2016,4
REGAVIM                                           ,0,2,0,1.1,2.1,2016,5
KEFAR HAROE                                       ,7,2,7,0.2,0.4,2016,5
ENAT                                              ,0,2,0,2.0,2.8,2016,5
NES ZIYYONA                                       ,0,0,0,0.0,0.0,2016,5
NIZZAN                                            ,0,1,0,0.6,0.6,2016,5
NAHAL OZ                                          ,9,0,0,0.0,0.0,2016,5
BE'ERI                                            ,0,2,0,1.0,1.3,2016,5
KISSUFIM                                          ,7,2,7,0.5,1.0,2016,5
NIRIM                                             ,0,2,0,1.0,1.8,2016,5
HAMADYA                                           ,7,1,7,2.0,2.0,2016,5
NE'OT SMADAR                                      ,0,0,0,0.0,0.0,2016,5
MASSADA                                           ,0,1,0,1.9,1.9,2016,5
NEWE UR                                           ,0,1,0,0.5,0.5,2016,5
SEDE ELIYYAHU                                     ,0,2,0,0.9,1.2,2016,5
HAZEVA                                            ,0,0,0,0.0,0.0,2016,5
PARAN                                             ,0,0,0,0.0,0.0,2016,5
YOTVATA                                           ,0,0,0,0.0,0.0,2016,5
NEWE ATIV                                         ,0,5,5,6.0,17.0,2016,5
YONATAN                                           ,0,4,5,3.0,7.0,2016,5
AVNE ETAN                                         ,0,3,0,4.3,6.2,2016,5
MEROM GOLAN PICMAN                                ,0,4,0,3.5,5.8,2016,5
NIZZAN                                            ,0,0,0,0.0,0.0,2016,6
KISSUFIM                                          ,0,0,0,0.0,0.0,2016,6
NE'OT SMADAR                                      ,0,0,0,0.0,0.0,2016,6
MASSADA                                           ,0,0,0,0.0,0.0,2016,6
SEDE ELIYYAHU                                     ,0,0,0,0.0,0.0,2016,6
HAZEVA                                            ,0,0,0,0.0,0.0,2016,6
PARAN                                             ,0,0,0,0.0,0.0,2016,6
YOTVATA                                           ,0,0,0,0.0,0.0,2016,6
AVNE ETAN                                         ,0,0,0,0.0,0.0,2016,6
MEROM GOLAN PICMAN                                ,0,0,0,0.0,0.0,2016,6
NIZZAN                                            ,0,0,0,0.0,0.0,2016,7
HAMADYA                                           ,0,0,0,0.0,0.0,2016,7
NE'OT SMADAR                                      ,0,0,0,0.0,0.0,2016,7
MASSADA                                           ,0,0,0,0.0,0.0,2016,7
SEDE ELIYYAHU                                     ,0,0,0,0.0,0.0,2016,7
HAZEVA                                            ,0,0,0,0.0,0.0,2016,7
PARAN                                             ,0,0,0,0.0,0.0,2016,7
YOTVATA                                           ,0,0,0,0.0,0.0,2016,7
AVNE ETAN                                         ,0,0,0,0.0,0.0,2016,7
MEROM GOLAN PICMAN                                ,0,0,0,0.0,0.0,2016,7
REGAVIM                                           ,0,0,0,0.0,0.0,2016,8
ENAT                                              ,0,0,0,0.0,0.0,2016,8
NES ZIYYONA                                       ,0,0,0,0.0,0.0,2016,8
NIZZAN                                            ,0,0,0,0.0,0.0,2016,8
NAHAL OZ                                          ,0,0,0,0.0,0.0,2016,8
BE'ERI                                            ,0,0,0,0.0,0.0,2016,8
KISSUFIM                                          ,0,0,0,0.0,0.0,2016,8
NIRIM                                             ,0,0,0,0.0,0.0,2016,8
HAMADYA                                           ,0,0,0,0.0,0.0,2016,8
NE'OT SMADAR                                      ,0,0,0,0.0,0.0,2016,8
MASSADA                                           ,0,0,0,0.0,0.0,2016,8
NEWE UR                                           ,0,0,0,0.0,0.0,2016,8
SEDE ELIYYAHU                                     ,0,0,0,0.0,0.0,2016,8
HAZEVA                                            ,0,0,0,0.0,0.0,2016,8
PARAN                                             ,0,0,0,0.0,0.0,2016,8
YOTVATA                                           ,0,0,0,0.0,0.0,2016,8
YONATAN                                           ,0,0,0,0.0,0.0,2016,8
AVNE ETAN                                         ,0,0,0,0.0,0.0,2016,8
MEROM GOLAN PICMAN                                ,0,0,0,0.0,0.0,2016,8
REGAVIM                                           ,0,0,0,0.0,0.0,2016,9
KEFAR HAROE                                       ,0,0,0,0.0,0.0,2016,9
ENAT                                              ,0,1,0,0.3,0.3,2016,9
NES ZIYYONA                                       ,0,0,0,0.0,0.0,2016,9
NIZZAN                                            ,0,2,0,1.1,1.3,2016,9
NAHAL OZ                                          ,0,0,0,0.0,0.0,2016,9
BE'ERI                                            ,0,1,0,0.6,0.6,2016,9
KISSUFIM                                          ,0,0,0,0.0,0.0,2016,9
NIRIM                                             ,0,0,0,0.0,0.0,2016,9
HAMADYA                                           ,0,0,0,0.0,0.0,2016,9
NE'OT SMADAR                                      ,0,0,0,0.0,0.0,2016,9
MASSADA                                           ,0,0,0,0.0,0.0,2016,9
NEWE UR                                           ,0,0,0,0.0,0.0,2016,9
SEDE ELIYYAHU                                     ,0,0,0,0.0,0.0,2016,9
HAZEVA                                            ,0,0,0,0.0,0.0,2016,9
PARAN                                             ,0,0,0,0.0,0.0,2016,9
YOTVATA                                           ,0,0,0,0.0,0.0,2016,9
NEWE ATIV                                         ,0,0,0,0.0,0.0,2016,9
YONATAN                                           ,0,1,0,0.6,0.6,2016,9
AVNE ETAN                                         ,0,0,0,0.0,0.0,2016,9
MEROM GOLAN PICMAN                                ,0,2,0,1.0,1.3,2016,9
REGAVIM                                           ,0,0,0,0.0,0.0,2016,10
KEFAR HAROE                                       ,0,1,0,5.0,5.0,2016,10
ENAT                                              ,0,1,0,3.0,3.0,2016,10
NES ZIYYONA                                       ,0,1,0,1.5,1.5,2016,10
NIZZAN                                            ,0,1,0,0.2,0.2,2016,10
NAHAL OZ                                          ,0,1,0,1.0,1.0,2016,10
BE'ERI                                            ,0,1,0,1.0,1.0,2016,10
KISSUFIM                                          ,7,1,7,1.0,1.0,2016,10
NIRIM                                             ,0,1,0,4.3,4.3,2016,10
HAMADYA                                           ,0,0,0,0.0,0.0,2016,10
NE'OT SMADAR                                      ,0,1,0,9.9,9.9,2016,10
MASSADA                                           ,0,0,0,0.0,0.0,2016,10
NEWE UR                                           ,0,0,0,0.0,0.0,2016,10
SEDE ELIYYAHU                                     ,0,0,0,0.0,0.0,2016,10
HAZEVA                                            ,0,1,0,3.0,3.0,2016,10
PARAN                                             ,0,1,0,7.7,7.7,2016,10
YOTVATA                                           ,0,1,0,13.9,13.9,2016,10
NEWE ATIV                                         ,0,1,0,7.5,7.5,2016,10
YONATAN                                           ,0,0,0,0.0,0.0,2016,10
AVNE ETAN                                         ,0,0,0,0.0,0.0,2016,10
MEROM GOLAN PICMAN                                ,0,1,0,0.2,0.2,2016,10
REGAVIM                                           ,0,3,0,8.2,14.8,2016,11
KEFAR HAROE                                       ,0,3,0,7.0,8.5,2016,11
ENAT                                              ,0,3,0,5.9,6.5,2016,11
NES ZIYYONA                                       ,0,2,0,2.0,2.5,2016,11
NIZZAN                                            ,0,1,0,4.3,4.3,2016,11
NAHAL OZ                                          ,9,0,0,0.0,0.0,2016,11
BE'ERI                                            ,0,2,0,2.7,2.8,2016,11
KISSUFIM                                          ,0,0,0,0.0,0.0,2016,11
NIRIM                                             ,7,1,7,0.5,0.5,2016,11
HAMADYA                                           ,0,1,0,1.0,1.0,2016,11
NE'OT SMADAR                                      ,0,2,0,0.1,0.2,2016,11
MASSADA                                           ,0,2,0,1.2,1.9,2016,11
NEWE UR                                           ,0,2,0,2.0,2.5,2016,11
SEDE ELIYYAHU                                     ,7,2,7,2.3,2.4,2016,11
HAZEVA                                            ,0,1,0,0.2,0.2,2016,11
PARAN                                             ,0,0,0,0.0,0.0,2016,11
YOTVATA                                           ,0,0,0,0.0,0.0,2016,11
NEWE ATIV                                         ,0,2,0,24.0,30.8,2016,11
YONATAN                                           ,0,2,0,14.5,22.7,2016,11
AVNE ETAN                                         ,0,3,0,13.1,13.7,2016,11
MEROM GOLAN PICMAN                                ,0,3,0,10.2,20.2,2016,11
REGAVIM                                           ,0,21,0,50.5,284.0,2016,12
KEFAR HAROE                                       ,0,20,5,41.0,237.5,2016,12
ENAT                                              ,0,18,0,126.8,315.9,2016,12
NES ZIYYONA                                       ,0,-9999,0,-9999.0,-9999.0,2016,12
NIZZAN                                            ,0,16,0,40.2,149.7,2016,12
NAHAL OZ                                          ,0,13,0,27.0,128.1,2016,12
BE'ERI                                            ,0,13,5,25.2,121.7,2016,12
KISSUFIM                                          ,0,12,0,12.0,57.5,2016,12
NIRIM                                             ,0,12,0,19.9,57.9,2016,12
HAMADYA                                           ,0,18,0,24.4,123.7,2016,12
NE'OT SMADAR                                      ,0,5,0,7.3,8.5,2016,12
MASSADA                                           ,0,16,0,55.4,188.6,2016,12
NEWE UR                                           ,0,16,0,55.0,179.5,2016,12
SEDE ELIYYAHU                                     ,0,18,7,26.4,122.1,2016,12
HAZEVA                                            ,0,4,0,12.8,13.3,2016,12
PARAN                                             ,0,5,0,10.8,11.4,2016,12
YOTVATA                                           ,0,3,0,2.5,4.2,2016,12
NEWE ATIV                                         ,0,19,0,121.6,402.8,2016,12
YONATAN                                           ,0,20,0,84.6,271.6,2016,12
AVNE ETAN                                         ,0,17,0,66.9,206.4,2016,12
MEROM GOLAN PICMAN                                ,0,20,0,118.4,364.3,2016,12
REGAVIM                                           ,0,13,0,27.1,93.6,2017,1
KEFAR HAROE                                       ,0,12,0,13.0,65.6,2017,1
ENAT                                              ,0,11,0,10.0,52.2,2017,1
NIZZAN                                            ,0,11,0,9.3,39.3,2017,1
NAHAL OZ                                          ,0,9,5,32.0,88.7,2017,1
BE'ERI                                            ,0,8,0,32.5,80.9,2017,1
KISSUFIM                                          ,0,7,0,20.0,66.5,2017,1
NIRIM                                             ,0,7,0,28.1,74.3,2017,1
HAMADYA                                           ,0,9,0,12.6,33.5,2017,1
NE'OT SMADAR                                      ,7,1,7,1.0,1.0,2017,1
MASSADA                                           ,0,9,0,18.3,49.0,2017,1
NEWE UR                                           ,0,8,0,26.0,61.0,2017,1
SEDE ELIYYAHU                                     ,0,12,0,9.4,31.5,2017,1
HAZEVA                                            ,0,3,0,0.3,0.5,2017,1
PARAN                                             ,0,0,0,0.0,0.0,2017,1
YOTVATA                                           ,0,0,0,0.0,0.0,2017,1
NEWE ATIV                                         ,0,15,0,45.8,166.6,2017,1
YONATAN                                           ,0,13,0,25.6,74.7,2017,1
AVNE ETAN                                         ,0,10,0,28.0,57.6,2017,1
MEROM GOLAN PICMAN                                ,0,15,0,29.1,105.4,2017,1
REGAVIM                                           ,0,6,0,17.6,44.6,2017,2
KEFAR HAROE                                       ,8,6,7,18.0,37.5,2017,2
ENAT                                              ,0,6,0,24.5,63.2,2017,2
NIZZAN                                            ,0,8,0,18.4,55.7,2017,2
NAHAL OZ                                          ,0,6,0,32.8,116.7,2017,2
BE'ERI                                            ,0,7,0,22.5,83.7,2017,2
KISSUFIM                                          ,0,7,0,14.5,59.2,2017,2
NIRIM                                             ,0,7,7,12.0,50.8,2017,2
HAMADYA                                           ,0,5,0,11.7,29.3,2017,2
NE'OT SMADAR                                      ,0,3,0,5.8,6.2,2017,2
MASSADA                                           ,0,5,0,6.4,18.8,2017,2
NEWE UR                                           ,0,7,0,11.5,28.5,2017,2
SEDE ELIYYAHU                                     ,0,5,0,10.4,25.0,2017,2
HAZEVA                                            ,0,3,0,4.1,5.9,2017,2
PARAN                                             ,0,3,0,1.5,2.2,2017,2
YOTVATA                                           ,0,3,0,1.0,1.4,2017,2
NEWE ATIV                                         ,0,7,0,11.1,23.7,2017,2
YONATAN                                           ,0,7,0,14.6,27.1,2017,2
AVNE ETAN                                         ,0,7,0,6.4,21.0,2017,2
MEROM GOLAN PICMAN                                ,0,7,0,9.3,15.5,2017,2
REGAVIM                                           ,0,8,0,21.4,39.0,2017,3
KEFAR HAROE                                       ,0,7,0,4.6,9.5,2017,3
ENAT                                              ,0,6,0,2.1,5.3,2017,3
NIZZAN                                            ,0,3,0,1.4,2.2,2017,3
NAHAL OZ                                          ,0,0,0,0.0,0.0,2017,3
BE'ERI                                            ,0,0,0,0.0,0.0,2017,3
KISSUFIM                                          ,0,0,0,0.0,0.0,2017,3
NIRIM                                             ,0,0,0,0.0,0.0,2017,3
HAMADYA                                           ,0,6,5,6.0,13.6,2017,3
NE'OT SMADAR                                      ,0,3,0,1.4,2.4,2017,3
MASSADA                                           ,0,8,0,8.0,22.7,2017,3
NEWE UR                                           ,0,7,0,3.5,10.0,2017,3
SEDE ELIYYAHU                                     ,0,6,0,4.1,6.9,2017,3
HAZEVA                                            ,0,2,0,0.7,1.0,2017,3
PARAN                                             ,0,3,0,1.6,2.4,2017,3
YOTVATA                                           ,0,1,0,0.2,0.2,2017,3
NEWE ATIV                                         ,0,12,0,20.4,93.4,2017,3
YONATAN                                           ,0,9,0,12.2,42.4,2017,3
AVNE ETAN                                         ,0,9,0,8.8,32.3,2017,3
MEROM GOLAN PICMAN                                ,0,14,0,17.8,69.0,2017,3
REGAVIM                                           ,0,2,0,5.9,8.4,2017,4
KEFAR HAROE                                       ,0,1,0,1.8,1.8,2017,4
ENAT                                              ,0,3,0,2.6,5.0,2017,4
NIZZAN                                            ,0,3,0,0.8,1.2,2017,4
NAHAL OZ                                          ,0,3,0,12.8,17.1,2017,4
BE'ERI                                            ,0,3,0,4.0,6.4,2017,4
KISSUFIM                                          ,7,3,7,4.0,5.0,2017,4
NIRIM                                             ,0,3,0,3.2,4.0,2017,4
HAMADYA                                           ,0,3,0,1.4,2.7,2017,4
NE'OT SMADAR                                      ,0,1,0,26.7,26.7,2017,4
MASSADA                                           ,0,3,0,6.1,15.8,2017,4
NEWE UR                                           ,7,3,7,5.5,10.0,2017,4
SEDE ELIYYAHU                                     ,0,2,0,1.7,1.8,2017,4
HAZEVA                                            ,0,2,0,9.0,9.2,2017,4
PARAN                                             ,0,2,0,14.2,14.4,2017,4
YOTVATA                                           ,0,1,0,12.4,12.4,2017,4
NEWE ATIV                                         ,0,5,0,23.6,31.3,2017,4
YONATAN                                           ,7,5,7,15.0,26.6,2017,4
AVNE ETAN                                         ,0,5,0,5.6,12.7,2017,4
MEROM GOLAN PICMAN                                ,0,5,0,6.8,15.0,2017,4
REGAVIM                                           ,0,1,0,1.2,1.2,2017,5
KEFAR HAROE                                       ,0,0,0,0.0,0.0,2017,5
ENAT                                              ,7,1,7,0.2,0.2,2017,5
NIZZAN                                            ,0,1,0,0.9,0.9,2017,5
NAHAL OZ                                          ,9,0,0,0.0,0.0,2017,5
BE'ERI                                            ,0,1,0,0.5,0.5,2017,5
KISSUFIM                                          ,0,0,0,0.0,0.0,2017,5
NIRIM                                             ,0,0,0,0.0,0.0,2017,5
HAMADYA                                           ,9,0,0,0.0,0.0,2017,5
NE'OT SMADAR                                      ,0,0,0,0.0,0.0,2017,5
MASSADA                                           ,0,0,0,0.0,0.0,2017,5
SEDE ELIYYAHU                                     ,0,0,0,0.0,0.0,2017,5
HAZEVA                                            ,0,0,0,0.0,0.0,2017,5
PARAN                                             ,0,0,0,0.0,0.0,2017,5
YOTVATA                                           ,0,1,0,0.9,0.9,2017,5
NEWE ATIV                                         ,0,5,0,14.6,16.4,2017,5
YONATAN                                           ,0,1,0,1.7,1.7,2017,5
AVNE ETAN                                         ,0,1,0,0.4,0.4,2017,5
MEROM GOLAN PICMAN                                ,0,3,0,5.4,5.6,2017,5
ENAT                                              ,0,0,0,0.0,0.0,2017,6
NIZZAN                                            ,0,0,0,0.0,0.0,2017,6
KISSUFIM                                          ,0,0,0,0.0,0.0,2017,6
NIRIM                                             ,0,0,0,0.0,0.0,2017,6
HAMADYA                                           ,0,0,0,0.0,0.0,2017,6
NE'OT SMADAR                                      ,0,0,0,0.0,0.0,2017,6
MASSADA                                           ,0,0,0,0.0,0.0,2017,6
SEDE ELIYYAHU                                     ,0,0,0,0.0,0.0,2017,6
HAZEVA                                            ,0,0,0,0.0,0.0,2017,6
PARAN                                             ,0,0,0,0.0,0.0,2017,6
YOTVATA                                           ,0,0,0,0.0,0.0,2017,6
AVNE ETAN                                         ,0,0,0,0.0,0.0,2017,6
MEROM GOLAN PICMAN                                ,0,0,0,0.0,0.0,2017,6
NIZZAN                                            ,0,0,0,0.0,0.0,2017,7
NE'OT SMADAR                                      ,0,0,0,0.0,0.0,2017,7
MASSADA                                           ,0,0,0,0.0,0.0,2017,7
SEDE ELIYYAHU                                     ,0,0,0,0.0,0.0,2017,7
HAZEVA                                            ,0,0,0,0.0,0.0,2017,7
PARAN                                             ,0,0,0,0.0,0.0,2017,7
YOTVATA                                           ,0,0,0,0.0,0.0,2017,7
AVNE ETAN                                         ,0,0,0,0.0,0.0,2017,7
MEROM GOLAN PICMAN                                ,0,0,0,0.0,0.0,2017,7
REGAVIM                                           ,0,0,0,0.0,0.0,2017,8
ENAT                                              ,0,0,0,0.0,0.0,2017,8
NES ZIYYONA                                       ,0,0,0,0.0,0.0,2017,8
NIZZAN                                            ,0,0,0,0.0,0.0,2017,8
NAHAL OZ                                          ,0,0,0,0.0,0.0,2017,8
BE'ERI                                            ,0,0,0,0.0,0.0,2017,8
KISSUFIM                                          ,0,0,0,0.0,0.0,2017,8
NIRIM                                             ,0,0,0,0.0,0.0,2017,8
HAMADYA                                           ,0,0,0,0.0,0.0,2017,8
NE'OT SMADAR                                      ,0,0,0,0.0,0.0,2017,8
MASSADA                                           ,0,0,0,0.0,0.0,2017,8
NEWE UR                                           ,0,0,0,0.0,0.0,2017,8
SEDE ELIYYAHU                                     ,0,0,0,0.0,0.0,2017,8
HAZEVA                                            ,0,0,0,0.0,0.0,2017,8
PARAN                                             ,0,0,0,0.0,0.0,2017,8
YOTVATA                                           ,0,0,0,0.0,0.0,2017,8
YONATAN                                           ,0,0,0,0.0,0.0,2017,8
AVNE ETAN                                         ,0,0,0,0.0,0.0,2017,8
MEROM GOLAN PICMAN                                ,0,0,0,0.0,0.0,2017,8
REGAVIM                                           ,0,0,0,0.0,0.0,2017,9
KEFAR HAROE                                       ,7,1,7,0.2,0.2,2017,9
ENAT                                              ,0,0,0,0.0,0.0,2017,9
NES ZIYYONA                                       ,0,0,0,0.0,0.0,2017,9
NIZZAN                                            ,0,0,0,0.0,0.0,2017,9
NAHAL OZ                                          ,0,0,0,0.0,0.0,2017,9
BE'ERI                                            ,0,0,0,0.0,0.0,2017,9
KISSUFIM                                          ,0,0,0,0.0,0.0,2017,9
NIRIM                                             ,0,0,0,0.0,0.0,2017,9
HAMADYA                                           ,0,0,0,0.0,0.0,2017,9
NE'OT SMADAR                                      ,0,0,0,0.0,0.0,2017,9
MASSADA                                           ,0,0,0,0.0,0.0,2017,9
NEWE UR                                           ,0,0,0,0.0,0.0,2017,9
SEDE ELIYYAHU                                     ,0,0,0,0.0,0.0,2017,9
HAZEVA                                            ,0,0,0,0.0,0.0,2017,9
PARAN                                             ,0,0,0,0.0,0.0,2017,9
YOTVATA                                           ,0,0,0,0.0,0.0,2017,9
NEWE ATIV                                         ,0,0,0,0.0,0.0,2017,9
YONATAN                                           ,0,0,0,0.0,0.0,2017,9
AVNE ETAN                                         ,0,0,0,0.0,0.0,2017,9
MEROM GOLAN PICMAN                                ,0,0,0,0.0,0.0,2017,9
REGAVIM                                           ,0,7,0,5.9,12.4,2017,10
KEFAR HAROE                                       ,0,5,5,9.0,21.4,2017,10
ENAT                                              ,0,5,5,31.5,35.0,2017,10
NES ZIYYONA                                       ,0,4,0,18.0,24.2,2017,10
NIZZAN                                            ,0,5,0,16.1,26.6,2017,10
NAHAL OZ                                          ,0,4,5,14.0,15.3,2017,10
BE'ERI                                            ,0,5,0,4.4,9.6,2017,10
KISSUFIM                                          ,0,4,0,4.5,7.0,2017,10
NIRIM                                             ,7,2,7,0.5,1.0,2017,10
HAMADYA                                           ,0,4,0,10.6,12.9,2017,10
NE'OT SMADAR                                      ,0,0,0,0.0,0.0,2017,10
MASSADA                                           ,0,4,0,8.3,12.9,2017,10
NEWE UR                                           ,0,4,0,10.5,14.5,2017,10
SEDE ELIYYAHU                                     ,0,3,0,1.2,2.1,2017,10
HAZEVA                                            ,0,1,0,0.1,0.1,2017,10
PARAN                                             ,0,1,0,0.2,0.2,2017,10
YOTVATA                                           ,0,0,0,0.0,0.0,2017,10
NEWE ATIV                                         ,0,6,0,19.7,43.3,2017,10
YONATAN                                           ,0,4,0,2.7,6.7,2017,10
AVNE ETAN                                         ,0,5,0,2.7,8.6,2017,10
MEROM GOLAN PICMAN                                ,0,6,0,7.6,15.2,2017,10
REGAVIM                                           ,0,7,0,32.1,53.2,2017,11
KEFAR HAROE                                       ,0,9,0,15.1,34.8,2017,11
ENAT                                              ,0,7,0,25.4,41.0,2017,11
NES ZIYYONA                                       ,0,4,0,17.0,43.0,2017,11
NIZZAN                                            ,0,5,0,22.4,39.4,2017,11
NAHAL OZ                                          ,0,5,0,20.5,43.4,2017,11
BE'ERI                                            ,0,4,0,29.3,55.5,2017,11
KISSUFIM                                          ,0,3,0,4.0,7.0,2017,11
NIRIM                                             ,0,2,0,6.5,8.1,2017,11
HAMADYA                                           ,0,4,0,14.3,19.8,2017,11
NE'OT SMADAR                                      ,0,0,0,0.0,0.0,2017,11
MASSADA                                           ,0,3,0,8.2,18.4,2017,11
NEWE UR                                           ,0,3,0,9.0,24.5,2017,11
SEDE ELIYYAHU                                     ,0,3,0,4.9,9.2,2017,11
HAZEVA                                            ,0,1,0,0.1,0.1,2017,11
PARAN                                             ,0,0,0,0.0,0.0,2017,11
YOTVATA                                           ,0,0,0,0.0,0.0,2017,11
NEWE ATIV                                         ,0,5,0,26.1,38.0,2017,11
YONATAN                                           ,0,4,0,9.2,17.2,2017,11
AVNE ETAN                                         ,0,3,0,6.6,11.3,2017,11
MEROM GOLAN PICMAN                                ,0,3,0,15.9,27.4,2017,11
REGAVIM                                           ,0,6,0,45.5,91.6,2017,12
KEFAR HAROE                                       ,0,4,0,34.8,64.0,2017,12
ENAT                                              ,0,5,0,48.0,77.2,2017,12
NES ZIYYONA                                       ,0,5,0,33.0,46.8,2017,12
NIZZAN                                            ,0,4,0,15.6,22.0,2017,12
NAHAL OZ                                          ,0,4,0,33.1,49.5,2017,12
BE'ERI                                            ,0,4,0,14.5,26.5,2017,12
KISSUFIM                                          ,0,4,5,15.0,28.5,2017,12
NIRIM                                             ,0,4,0,13.9,22.4,2017,12
HAMADYA                                           ,0,5,0,15.6,21.6,2017,12
NE'OT SMADAR                                      ,0,0,0,0.0,0.0,2017,12
MASSADA                                           ,0,4,0,16.6,23.2,2017,12
NEWE UR                                           ,0,4,0,18.5,31.0,2017,12
SEDE ELIYYAHU                                     ,0,5,0,13.9,20.6,2017,12
HAZEVA                                            ,0,0,0,0.0,0.0,2017,12
PARAN                                             ,0,0,0,0.0,0.0,2017,12
YOTVATA                                           ,0,0,0,0.0,0.0,2017,12
NEWE ATIV                                         ,0,4,0,35.2,96.2,2017,12
YONATAN                                           ,0,5,0,28.6,54.2,2017,12
AVNE ETAN                                         ,0,5,0,24.7,51.8,2017,12
MEROM GOLAN PICMAN                                ,0,7,0,37.2,92.1,2017,12
REGAVIM                                           ,0,18,0,60.0,313.9,2018,1
KEFAR HAROE                                       ,0,19,5,64.0,313.8,2018,1
ENAT                                              ,0,19,0,36.8,225.6,2018,1
NES ZIYYONA                                       ,0,16,7,31.0,188.0,2018,1
NIZZAN                                            ,0,17,0,58.4,202.0,2018,1
NAHAL OZ                                          ,0,17,5,46.0,136.5,2018,1
BE'ERI                                            ,0,15,0,46.3,125.4,2018,1
KISSUFIM                                          ,0,13,0,58.0,147.7,2018,1
NIRIM                                             ,0,14,5,28.7,118.4,2018,1
HAMADYA                                           ,0,18,0,36.7,137.8,2018,1
NE'OT SMADAR                                      ,0,5,0,7.1,9.3,2018,1
MASSADA                                           ,0,19,0,34.7,163.6,2018,1
NEWE UR                                           ,0,17,0,36.5,180.0,2018,1
SEDE ELIYYAHU                                     ,0,17,0,20.2,94.2,2018,1
HAZEVA                                            ,0,3,0,3.4,7.1,2018,1
PARAN                                             ,0,4,0,0.6,1.1,2018,1
YOTVATA                                           ,0,5,0,2.9,5.4,2018,1
NEWE ATIV                                         ,0,19,0,40.5,326.2,2018,1
YONATAN                                           ,0,16,0,42.7,240.2,2018,1
AVNE ETAN                                         ,0,16,0,42.1,200.0,2018,1
MEROM GOLAN PICMAN                                ,0,19,0,53.9,311.0,2018,1
REGAVIM                                           ,0,9,0,36.3,127.3,2018,2
KEFAR HAROE                                       ,0,8,5,35.5,113.0,2018,2
ENAT                                              ,0,7,5,33.7,84.6,2018,2
NES ZIYYONA                                       ,0,7,5,33.0,76.5,2018,2
NIZZAN                                            ,0,7,0,22.5,53.8,2018,2
NAHAL OZ                                          ,0,7,5,25.0,59.2,2018,2
BE'ERI                                            ,0,7,0,14.9,44.7,2018,2
KISSUFIM                                          ,0,7,0,8.0,29.8,2018,2
NIRIM                                             ,0,7,0,10.1,31.9,2018,2
HAMADYA                                           ,0,9,0,18.9,80.9,2018,2
NE'OT SMADAR                                      ,0,5,0,7.4,18.6,2018,2
MASSADA                                           ,0,9,0,23.8,101.4,2018,2
NEWE UR                                           ,0,9,5,23.0,101.5,2018,2
SEDE ELIYYAHU                                     ,0,9,0,20.1,68.0,2018,2
HAZEVA                                            ,0,9,0,7.1,21.9,2018,2
PARAN                                             ,0,6,0,5.8,16.4,2018,2
YOTVATA                                           ,0,5,0,3.5,7.6,2018,2
NEWE ATIV                                         ,0,11,5,46.0,154.4,2018,2
YONATAN                                           ,0,9,5,28.0,132.7,2018,2
AVNE ETAN                                         ,0,11,0,44.4,135.7,2018,2
MEROM GOLAN PICMAN                                ,0,11,0,37.5,143.7,2018,2
REGAVIM                                           ,0,3,0,2.5,4.8,2018,3
KEFAR HAROE                                       ,0,4,5,3.8,5.0,2018,3
ENAT                                              ,0,3,0,6.1,10.7,2018,3
NES ZIYYONA                                       ,8,2,0,7.0,10.0,2018,3
NIZZAN                                            ,0,1,0,1.5,1.5,2018,3
NAHAL OZ                                          ,7,2,7,2.0,3.0,2018,3
BE'ERI                                            ,0,2,0,1.7,3.1,2018,3
KISSUFIM                                          ,0,2,0,2.0,3.0,2018,3
NIRIM                                             ,0,2,0,1.5,3.0,2018,3
HAMADYA                                           ,0,2,5,2.6,4.6,2018,3
NE'OT SMADAR                                      ,0,1,0,0.6,0.6,2018,3
MASSADA                                           ,0,3,0,4.5,6.8,2018,3
NEWE UR                                           ,0,3,0,4.0,6.0,2018,3
SEDE ELIYYAHU                                     ,0,2,0,2.3,4.6,2018,3
HAZEVA                                            ,0,1,0,0.4,0.4,2018,3
PARAN                                             ,0,1,0,0.3,0.3,2018,3
YOTVATA                                           ,0,1,0,0.2,0.2,2018,3
NEWE ATIV                                         ,0,4,0,14.6,25.7,2018,3
YONATAN                                           ,0,5,0,10.2,17.3,2018,3
AVNE ETAN                                         ,0,4,0,3.8,10.2,2018,3
MEROM GOLAN PICMAN                                ,0,4,0,12.3,22.6,2018,3
REGAVIM                                           ,0,7,0,14.4,40.5,2018,4
KEFAR HAROE                                       ,0,7,0,12.0,36.9,2018,4
ENAT                                              ,0,4,0,7.4,21.1,2018,4
NES ZIYYONA                                       ,0,4,0,32.0,58.0,2018,4
NIZZAN                                            ,0,5,0,10.2,10.8,2018,4
NAHAL OZ                                          ,0,3,0,18.0,20.6,2018,4
BE'ERI                                            ,0,3,0,24.1,29.5,2018,4
KISSUFIM                                          ,0,4,0,10.0,13.3,2018,4
NIRIM                                             ,0,3,5,3.0,4.1,2018,4
HAMADYA                                           ,0,7,0,72.5,101.9,2018,4
NE'OT SMADAR                                      ,0,2,0,4.7,5.2,2018,4
MASSADA                                           ,0,8,0,34.3,66.6,2018,4
NEWE UR                                           ,0,6,0,44.5,64.5,2018,4
SEDE ELIYYAHU                                     ,0,8,0,23.0,40.0,2018,4
HAZEVA                                            ,0,3,0,23.8,35.1,2018,4
PARAN                                             ,0,2,0,15.9,16.6,2018,4
YOTVATA                                           ,0,2,0,0.3,0.5,2018,4
NEWE ATIV                                         ,0,6,0,13.0,31.5,2018,4
YONATAN                                           ,0,8,0,22.7,30.9,2018,4
AVNE ETAN                                         ,0,7,0,16.8,44.6,2018,4
MEROM GOLAN PICMAN                                ,0,6,0,15.6,25.3,2018,4
REGAVIM                                           ,0,5,5,6.4,12.7,2018,5
KEFAR HAROE                                       ,8,5,5,5.9,11.0,2018,5
ENAT                                              ,0,3,0,1.1,2.2,2018,5
NES ZIYYONA                                       ,0,3,5,11.0,12.2,2018,5
NIZZAN                                            ,0,1,0,0.1,0.1,2018,5
NAHAL OZ                                          ,0,1,0,0.3,0.3,2018,5
BE'ERI                                            ,0,1,0,0.5,0.5,2018,5
KISSUFIM                                          ,7,1,7,0.5,0.5,2018,5
NIRIM                                             ,0,1,0,0.4,0.4,2018,5
HAMADYA                                           ,0,2,0,2.7,3.0,2018,5
NE'OT SMADAR                                      ,0,2,0,1.5,1.7,2018,5
MASSADA                                           ,0,5,0,2.9,7.0,2018,5
NEWE UR                                           ,0,2,0,4.0,8.0,2018,5
SEDE ELIYYAHU                                     ,0,4,0,13.1,14.8,2018,5
HAZEVA                                            ,0,2,0,3.8,3.9,2018,5
PARAN                                             ,0,2,0,1.2,2.0,2018,5
YOTVATA                                           ,0,1,0,0.1,0.1,2018,5
NEWE ATIV                                         ,0,5,0,19.9,39.3,2018,5
YONATAN                                           ,0,5,5,17.0,30.8,2018,5
AVNE ETAN                                         ,0,4,0,5.1,9.8,2018,5
MEROM GOLAN PICMAN                                ,0,6,0,24.2,33.1,2018,5
REGAVIM                                           ,7,1,7,4.0,4.0,2018,6
KEFAR HAROE                                       ,7,1,7,2.0,2.0,2018,6
ENAT                                              ,0,1,0,0.8,0.8,2018,6
NES ZIYYONA                                       ,0,1,0,2.0,2.0,2018,6
NIZZAN                                            ,0,1,0,6.8,6.8,2018,6
NAHAL OZ                                          ,0,2,0,6.5,6.8,2018,6
BE'ERI                                            ,0,2,5,8.4,9.2,2018,6
KISSUFIM                                          ,0,0,0,0.0,0.0,2018,6
NIRIM                                             ,0,0,0,0.0,0.0,2018,6
HAMADYA                                           ,7,1,7,0.5,0.5,2018,6
NE'OT SMADAR                                      ,0,0,0,0.0,0.0,2018,6
MASSADA                                           ,0,2,0,12.1,12.3,2018,6
NEWE UR                                           ,0,0,0,0.0,0.0,2018,6
SEDE ELIYYAHU                                     ,0,1,0,0.3,0.3,2018,6
HAZEVA                                            ,0,0,0,0.0,0.0,2018,6
PARAN                                             ,0,0,0,0.0,0.0,2018,6
YOTVATA                                           ,0,0,0,0.0,0.0,2018,6
NEWE ATIV                                         ,0,2,0,3.2,4.4,2018,6
YONATAN                                           ,0,3,0,8.2,9.7,2018,6
AVNE ETAN                                         ,0,1,0,1.0,1.0,2018,6
MEROM GOLAN PICMAN                                ,0,2,0,5.2,8.2,2018,6
NIZZAN                                            ,0,0,0,0.0,0.0,2018,7
NE'OT SMADAR                                      ,0,0,0,0.0,0.0,2018,7
MASSADA                                           ,0,0,0,0.0,0.0,2018,7
SEDE ELIYYAHU                                     ,0,0,0,0.0,0.0,2018,7
HAZEVA                                            ,0,0,0,0.0,0.0,2018,7
PARAN                                             ,0,0,0,0.0,0.0,2018,7
YOTVATA                                           ,0,0,0,0.0,0.0,2018,7
AVNE ETAN                                         ,0,0,0,0.0,0.0,2018,7
MEROM GOLAN PICMAN                                ,0,0,0,0.0,0.0,2018,7
REGAVIM                                           ,0,0,0,0.0,0.0,2018,8
ENAT                                              ,7,1,7,0.5,0.5,2018,8
NIZZAN                                            ,0,0,0,0.0,0.0,2018,8
NAHAL OZ                                          ,0,0,0,0.0,0.0,2018,8
BE'ERI                                            ,0,0,0,0.0,0.0,2018,8
NIRIM                                             ,0,0,0,0.0,0.0,2018,8
HAMADYA                                           ,0,0,0,0.0,0.0,2018,8
NE'OT SMADAR                                      ,0,0,0,0.0,0.0,2018,8
MASSADA                                           ,0,0,0,0.0,0.0,2018,8
NEWE UR                                           ,0,0,0,0.0,0.0,2018,8
SEDE ELIYYAHU                                     ,0,0,0,0.0,0.0,2018,8
HAZEVA                                            ,0,0,0,0.0,0.0,2018,8
PARAN                                             ,0,0,0,0.0,0.0,2018,8
YOTVATA                                           ,0,0,0,0.0,0.0,2018,8
YONATAN                                           ,0,0,0,0.0,0.0,2018,8
AVNE ETAN                                         ,0,0,0,0.0,0.0,2018,8
MEROM GOLAN PICMAN                                ,0,0,0,0.0,0.0,2018,8
REGAVIM                                           ,0,2,0,5.3,10.5,2018,9
KEFAR HAROE                                       ,7,3,7,1.5,2.0,2018,9
ENAT                                              ,0,1,0,0.2,0.2,2018,9
NES ZIYYONA                                       ,0,0,0,0.0,0.0,2018,9
NIZZAN                                            ,0,0,0,0.0,0.0,2018,9
NAHAL OZ                                          ,9,0,0,0.0,0.0,2018,9
BE'ERI                                            ,0,0,0,0.0,0.0,2018,9
KISSUFIM                                          ,0,0,0,0.0,0.0,2018,9
NIRIM                                             ,0,0,0,0.0,0.0,2018,9
HAMADYA                                           ,9,0,0,0.0,0.0,2018,9
NE'OT SMADAR                                      ,0,0,0,0.0,0.0,2018,9
MASSADA                                           ,0,0,0,0.0,0.0,2018,9
NEWE UR                                           ,7,1,7,0.5,0.5,2018,9
SEDE ELIYYAHU                                     ,0,1,0,1.8,1.8,2018,9
HAZEVA                                            ,0,0,0,0.0,0.0,2018,9
PARAN                                             ,0,0,0,0.0,0.0,2018,9
YOTVATA                                           ,0,0,0,0.0,0.0,2018,9
NEWE ATIV                                         ,0,0,0,0.0,0.0,2018,9
YONATAN                                           ,0,0,0,0.0,0.0,2018,9
AVNE ETAN                                         ,0,0,0,0.0,0.0,2018,9
MEROM GOLAN PICMAN                                ,0,1,0,0.1,0.1,2018,9
REGAVIM                                           ,0,3,0,9.0,11.0,2018,10
KEFAR HAROE                                       ,0,3,0,8.8,12.1,2018,10
ENAT                                              ,0,1,0,21.0,21.0,2018,10
NES ZIYYONA                                       ,0,1,0,27.0,27.0,2018,10
NIZZAN                                            ,7,1,7,13.0,13.0,2018,10
NAHAL OZ                                          ,0,1,0,47.6,47.6,2018,10
BE'ERI                                            ,0,1,0,36.8,36.8,2018,10
KISSUFIM                                          ,0,1,0,23.0,23.0,2018,10
NIRIM                                             ,0,1,0,28.1,28.1,2018,10
HAMADYA                                           ,0,2,0,9.9,12.4,2018,10
NE'OT SMADAR                                      ,0,1,0,0.1,0.1,2018,10
MASSADA                                           ,0,2,0,8.6,8.7,2018,10
NEWE UR                                           ,0,3,0,13.5,18.0,2018,10
SEDE ELIYYAHU                                     ,0,3,0,18.5,21.2,2018,10
HAZEVA                                            ,0,1,0,0.1,0.1,2018,10
PARAN                                             ,0,1,0,4.8,4.8,2018,10
YOTVATA                                           ,0,1,0,22.8,22.8,2018,10
NEWE ATIV                                         ,0,5,5,80.0,83.6,2018,10
YONATAN                                           ,0,3,0,24.2,25.5,2018,10
AVNE ETAN                                         ,0,2,0,11.0,11.1,2018,10
MEROM GOLAN PICMAN                                ,0,4,0,29.2,32.3,2018,10
REGAVIM                                           ,0,11,0,28.9,73.4,2018,11
KEFAR HAROE                                       ,0,12,0,65.0,168.0,2018,11
ENAT                                              ,0,9,0,17.0,55.7,2018,11
NES ZIYYONA                                       ,0,10,0,24.0,106.0,2018,11
NIZZAN                                            ,0,12,0,31.8,119.8,2018,11
NAHAL OZ                                          ,0,9,0,28.5,96.1,2018,11
BE'ERI                                            ,0,7,0,23.4,54.2,2018,11
KISSUFIM                                          ,0,6,0,25.0,47.0,2018,11
NIRIM                                             ,0,7,0,20.5,52.0,2018,11
HAMADYA                                           ,0,8,0,17.6,43.6,2018,11
NE'OT SMADAR                                      ,0,2,0,1.1,2.1,2018,11
MASSADA                                           ,0,9,0,11.6,44.0,2018,11
NEWE UR                                           ,0,10,0,9.0,28.5,2018,11
SEDE ELIYYAHU                                     ,0,9,0,9.4,27.3,2018,11
HAZEVA                                            ,0,7,0,25.9,46.5,2018,11
PARAN                                             ,0,4,0,8.6,15.5,2018,11
YOTVATA                                           ,0,2,0,0.6,0.9,2018,11
NEWE ATIV                                         ,0,11,0,16.3,36.6,2018,11
YONATAN                                           ,0,8,0,18.8,28.9,2018,11
AVNE ETAN                                         ,0,10,0,9.3,30.0,2018,11
MEROM GOLAN PICMAN                                ,0,10,0,15.7,26.1,2018,11
REGAVIM                                           ,0,19,5,68.5,243.1,2018,12
KEFAR HAROE                                       ,0,16,5,94.0,214.6,2018,12
ENAT                                              ,0,14,0,136.4,389.1,2018,12
NES ZIYYONA                                       ,0,15,5,135.0,377.0,2018,12
NIZZAN                                            ,0,14,0,73.9,229.0,2018,12
NAHAL OZ                                          ,0,9,5,26.0,84.2,2018,12
BE'ERI                                            ,0,8,0,19.2,65.4,2018,12
KISSUFIM                                          ,0,8,0,14.0,51.0,2018,12
NIRIM                                             ,0,8,0,7.6,34.7,2018,12
HAMADYA                                           ,0,13,5,43.0,127.8,2018,12
NE'OT SMADAR                                      ,0,3,0,2.4,3.1,2018,12
MASSADA                                           ,0,14,0,46.5,128.3,2018,12
NEWE UR                                           ,0,14,5,58.0,176.5,2018,12
SEDE ELIYYAHU                                     ,7,14,7,45.1,129.6,2018,12
HAZEVA                                            ,0,2,0,2.9,3.0,2018,12
PARAN                                             ,0,1,0,1.1,1.1,2018,12
YOTVATA                                           ,0,1,0,2.1,2.1,2018,12
NEWE ATIV                                         ,0,17,5,52.4,285.9,2018,12
YONATAN                                           ,0,15,0,47.6,227.4,2018,12
AVNE ETAN                                         ,0,17,0,38.8,140.3,2018,12
MEROM GOLAN PICMAN                                ,0,21,0,43.8,230.0,2018,12
REGAVIM                                           ,0,14,0,54.2,232.3,2019,1
KEFAR HAROE                                       ,0,12,5,21.8,112.9,2019,1
ENAT                                              ,0,8,0,23.6,108.6,2019,1
NES ZIYYONA                                       ,0,8,5,29.0,71.7,2019,1
NIZZAN                                            ,0,8,0,17.4,58.5,2019,1
NAHAL OZ                                          ,0,5,5,25.3,55.0,2019,1
BE'ERI                                            ,0,5,0,18.1,41.2,2019,1
KISSUFIM                                          ,0,5,5,5.7,12.0,2019,1
NIRIM                                             ,0,4,0,8.2,11.0,2019,1
HAMADYA                                           ,0,9,0,16.3,70.9,2019,1
NE'OT SMADAR                                      ,0,0,0,0.0,0.0,2019,1
MASSADA                                           ,0,10,0,27.4,126.4,2019,1
NEWE UR                                           ,0,9,0,20.5,106.0,2019,1
SEDE ELIYYAHU                                     ,0,10,0,16.0,52.4,2019,1
HAZEVA                                            ,0,1,0,0.2,0.2,2019,1
PARAN                                             ,0,0,0,0.0,0.0,2019,1
YOTVATA                                           ,0,0,0,0.0,0.0,2019,1
NEWE ATIV                                         ,0,11,0,71.6,309.2,2019,1
YONATAN                                           ,0,12,0,52.5,247.5,2019,1
AVNE ETAN                                         ,0,10,0,32.7,182.0,2019,1
MEROM GOLAN PICMAN                                ,0,13,0,66.7,330.9,2019,1
REGAVIM                                           ,0,14,0,23.8,107.0,2019,2
KEFAR HAROE                                       ,0,15,5,22.4,101.6,2019,2
ENAT                                              ,0,13,0,34.9,135.9,2019,2
NES ZIYYONA                                       ,0,12,0,26.0,128.0,2019,2
NIZZAN                                            ,0,10,0,33.8,113.1,2019,2
NAHAL OZ                                          ,0,6,0,27.4,53.6,2019,2
BE'ERI                                            ,0,7,0,31.2,69.8,2019,2
KISSUFIM                                          ,0,8,0,22.0,56.0,2019,2
NIRIM                                             ,0,7,0,25.9,49.7,2019,2
HAMADYA                                           ,0,15,0,21.6,92.9,2019,2
NE'OT SMADAR                                      ,0,6,0,14.1,16.4,2019,2
MASSADA                                           ,0,13,0,24.8,109.8,2019,2
NEWE UR                                           ,0,14,0,22.0,92.0,2019,2
SEDE ELIYYAHU                                     ,0,17,0,14.5,71.3,2019,2
HAZEVA                                            ,0,5,0,16.5,20.4,2019,2
PARAN                                             ,0,6,0,16.6,19.6,2019,2
YOTVATA                                           ,0,3,0,9.1,9.6,2019,2
NEWE ATIV                                         ,0,19,0,36.4,266.2,2019,2
YONATAN                                           ,0,15,0,48.2,167.1,2019,2
AVNE ETAN                                         ,0,17,0,42.8,156.1,2019,2
MEROM GOLAN PICMAN                                ,0,18,0,37.5,214.9,2019,2
REGAVIM                                           ,0,17,0,27.3,125.0,2019,3
KEFAR HAROE                                       ,0,14,5,35.0,133.9,2019,3
ENAT                                              ,0,14,0,20.0,96.8,2019,3
NES ZIYYONA                                       ,0,13,0,20.5,86.5,2019,3
NIZZAN                                            ,0,13,0,27.0,130.0,2019,3
NAHAL OZ                                          ,0,10,5,23.8,50.0,2019,3
BE'ERI                                            ,0,9,0,16.2,28.6,2019,3
KISSUFIM                                          ,0,6,0,22.0,30.0,2019,3
NIRIM                                             ,0,6,0,20.0,29.4,2019,3
HAMADYA                                           ,0,13,0,15.6,54.8,2019,3
NE'OT SMADAR                                      ,0,3,0,7.8,11.1,2019,3
MASSADA                                           ,8,17,0,18.8,55.8,2019,3
NEWE UR                                           ,0,14,5,30.0,91.5,2019,3
SEDE ELIYYAHU                                     ,0,14,0,16.1,50.8,2019,3
HAZEVA                                            ,0,4,0,5.4,6.5,2019,3
PARAN                                             ,0,4,0,2.0,3.1,2019,3
YOTVATA                                           ,0,4,0,4.3,9.0,2019,3
NEWE ATIV                                         ,0,17,0,57.0,243.4,2019,3
YONATAN                                           ,0,20,5,54.0,197.4,2019,3
AVNE ETAN                                         ,0,16,0,47.4,106.0,2019,3
MEROM GOLAN PICMAN                                ,0,16,0,64.1,202.2,2019,3
REGAVIM                                           ,0,7,5,16.5,47.5,2019,4
KEFAR HAROE                                       ,8,6,5,4.8,15.3,2019,4
ENAT                                              ,0,5,0,3.0,12.2,2019,4
NES ZIYYONA                                       ,0,5,0,4.5,8.0,2019,4
NIZZAN                                            ,0,4,0,8.2,11.2,2019,4
NAHAL OZ                                          ,0,4,0,3.5,5.9,2019,4
BE'ERI                                            ,0,3,0,1.2,2.3,2019,4
KISSUFIM                                          ,7,4,7,4.0,6.5,2019,4
NIRIM                                             ,0,3,0,4.4,9.2,2019,4
HAMADYA                                           ,0,7,0,5.4,23.9,2019,4
NE'OT SMADAR                                      ,0,2,0,0.2,0.3,2019,4
MASSADA                                           ,7,8,7,11.0,27.9,2019,4
NEWE UR                                           ,0,7,0,12.0,32.0,2019,4
SEDE ELIYYAHU                                     ,0,7,0,4.0,13.0,2019,4
HAZEVA                                            ,0,3,0,1.2,2.0,2019,4
PARAN                                             ,0,2,0,0.4,0.7,2019,4
YOTVATA                                           ,0,0,0,0.0,0.0,2019,4
NEWE ATIV                                         ,0,9,0,36.7,127.9,2019,4
YONATAN                                           ,0,9,0,12.2,43.0,2019,4
AVNE ETAN                                         ,0,9,0,12.1,40.1,2019,4
MEROM GOLAN PICMAN                                ,0,10,0,25.5,67.5,2019,4
REGAVIM                                           ,0,0,0,0.0,0.0,2019,5
KEFAR HAROE                                       ,0,0,0,0.0,0.0,2019,5
ENAT                                              ,0,0,0,0.0,0.0,2019,5
NES ZIYYONA                                       ,0,0,0,0.0,0.0,2019,5
NIZZAN                                            ,0,0,0,0.0,0.0,2019,5
NAHAL OZ                                          ,0,0,0,0.0,0.0,2019,5
BE'ERI                                            ,0,0,0,0.0,0.0,2019,5
KISSUFIM                                          ,0,0,0,0.0,0.0,2019,5
NIRIM                                             ,0,0,0,0.0,0.0,2019,5
HAMADYA                                           ,0,0,0,0.0,0.0,2019,5
NE'OT SMADAR                                      ,0,0,0,0.0,0.0,2019,5
MASSADA                                           ,0,0,0,0.0,0.0,2019,5
NEWE UR                                           ,0,0,0,0.0,0.0,2019,5
SEDE ELIYYAHU                                     ,0,0,0,0.0,0.0,2019,5
HAZEVA                                            ,0,0,0,0.0,0.0,2019,5
PARAN                                             ,0,0,0,0.0,0.0,2019,5
YOTVATA                                           ,0,0,0,0.0,0.0,2019,5
NEWE ATIV                                         ,0,0,0,0.0,0.0,2019,5
YONATAN                                           ,0,0,0,0.0,0.0,2019,5
AVNE ETAN                                         ,0,0,0,0.0,0.0,2019,5
MEROM GOLAN PICMAN                                ,0,1,0,0.3,0.3,2019,5
REGAVIM                                           ,9,0,0,0.0,0.0,2019,6
ENAT                                              ,9,0,0,0.0,0.0,2019,6
NIZZAN                                            ,0,0,0,0.0,0.0,2019,6
HAMADYA                                           ,0,0,0,0.0,0.0,2019,6
NE'OT SMADAR                                      ,0,0,0,0.0,0.0,2019,6
MASSADA                                           ,0,1,0,0.1,0.1,2019,6
SEDE ELIYYAHU                                     ,0,0,0,0.0,0.0,2019,6
HAZEVA                                            ,0,0,0,0.0,0.0,2019,6
PARAN                                             ,0,0,0,0.0,0.0,2019,6
YOTVATA                                           ,0,0,0,0.0,0.0,2019,6
YONATAN                                           ,0,1,0,0.2,0.2,2019,6
AVNE ETAN                                         ,0,1,0,0.1,0.1,2019,6
MEROM GOLAN PICMAN                                ,0,0,0,0.0,0.0,2019,6
NIZZAN                                            ,0,0,0,0.0,0.0,2019,7
BE'ERI                                            ,0,0,0,0.0,0.0,2019,7
NE'OT SMADAR                                      ,0,0,0,0.0,0.0,2019,7
MASSADA                                           ,0,0,0,0.0,0.0,2019,7
SEDE ELIYYAHU                                     ,0,0,0,0.0,0.0,2019,7
HAZEVA                                            ,0,0,0,0.0,0.0,2019,7
PARAN                                             ,0,0,0,0.0,0.0,2019,7
YOTVATA                                           ,0,0,0,0.0,0.0,2019,7
AVNE ETAN                                         ,0,0,0,0.0,0.0,2019,7
MEROM GOLAN PICMAN                                ,0,0,0,0.0,0.0,2019,7
REGAVIM                                           ,0,0,0,0.0,0.0,2019,8
ENAT                                              ,0,0,0,0.0,0.0,2019,8
NIZZAN                                            ,0,0,0,0.0,0.0,2019,8
NAHAL OZ                                          ,0,0,0,0.0,0.0,2019,8
BE'ERI                                            ,0,0,0,0.0,0.0,2019,8
KISSUFIM                                          ,0,0,0,0.0,0.0,2019,8
NIRIM                                             ,0,0,0,0.0,0.0,2019,8
HAMADYA                                           ,0,0,0,0.0,0.0,2019,8
NE'OT SMADAR                                      ,0,0,0,0.0,0.0,2019,8
MASSADA                                           ,0,0,0,0.0,0.0,2019,8
NEWE UR                                           ,0,0,0,0.0,0.0,2019,8
SEDE ELIYYAHU                                     ,0,0,0,0.0,0.0,2019,8
HAZEVA                                            ,0,0,0,0.0,0.0,2019,8
PARAN                                             ,0,0,0,0.0,0.0,2019,8
YOTVATA                                           ,0,0,0,0.0,0.0,2019,8
NEWE ATIV                                         ,0,0,0,0.0,0.0,2019,8
YONATAN                                           ,0,0,0,0.0,0.0,2019,8
AVNE ETAN                                         ,0,0,0,0.0,0.0,2019,8
MEROM GOLAN PICMAN                                ,0,0,0,0.0,0.0,2019,8
REGAVIM                                           ,0,1,0,0.3,0.3,2019,9
KEFAR HAROE                                       ,0,0,0,0.0,0.0,2019,9
ENAT                                              ,0,0,0,0.0,0.0,2019,9
NES ZIYYONA                                       ,0,0,0,0.0,0.0,2019,9
NIZZAN                                            ,0,0,0,0.0,0.0,2019,9
NAHAL OZ                                          ,0,0,0,0.0,0.0,2019,9
BE'ERI                                            ,0,0,0,0.0,0.0,2019,9
KISSUFIM                                          ,0,0,0,0.0,0.0,2019,9
NIRIM                                             ,0,0,0,0.0,0.0,2019,9
HAMADYA                                           ,0,0,0,0.0,0.0,2019,9
NE'OT SMADAR                                      ,0,0,0,0.0,0.0,2019,9
MASSADA                                           ,0,0,0,0.0,0.0,2019,9
NEWE UR                                           ,0,0,0,0.0,0.0,2019,9
SEDE ELIYYAHU                                     ,0,0,0,0.0,0.0,2019,9
HAZEVA                                            ,0,0,0,0.0,0.0,2019,9
PARAN                                             ,0,0,0,0.0,0.0,2019,9
YOTVATA                                           ,0,0,0,0.0,0.0,2019,9
NEWE ATIV                                         ,0,0,0,0.0,0.0,2019,9
YONATAN                                           ,0,0,0,0.0,0.0,2019,9
AVNE ETAN                                         ,0,0,0,0.0,0.0,2019,9
MEROM GOLAN PICMAN                                ,0,1,0,0.2,0.2,2019,9
REGAVIM                                           ,0,6,0,6.0,13.1,2019,10
KEFAR HAROE                                       ,0,5,0,8.0,11.3,2019,10
ENAT                                              ,0,5,0,8.2,13.0,2019,10
NES ZIYYONA                                       ,0,4,5,19.5,20.5,2019,10
NIZZAN                                            ,0,6,0,14.1,23.0,2019,10
NAHAL OZ                                          ,0,5,0,16.7,28.1,2019,10
BE'ERI                                            ,0,6,0,18.6,26.0,2019,10
KISSUFIM                                          ,0,5,0,19.0,34.2,2019,10
NIRIM                                             ,0,5,0,24.3,45.9,2019,10
HAMADYA                                           ,8,2,0,0.6,1.1,2019,10
NE'OT SMADAR                                      ,0,4,0,23.1,25.2,2019,10
MASSADA                                           ,0,3,0,1.5,2.7,2019,10
NEWE UR                                           ,0,3,0,2.5,3.1,2019,10
SEDE ELIYYAHU                                     ,0,4,0,3.1,4.6,2019,10
HAZEVA                                            ,0,3,0,10.9,12.3,2019,10
PARAN                                             ,0,5,0,30.4,35.2,2019,10
YOTVATA                                           ,0,4,0,9.4,13.2,2019,10
NEWE ATIV                                         ,0,7,0,11.5,36.6,2019,10
YONATAN                                           ,0,5,0,3.3,7.5,2019,10
AVNE ETAN                                         ,8,6,0,3.8,7.4,2019,10
MEROM GOLAN PICMAN                                ,0,7,0,11.4,16.9,2019,10
REGAVIM                                           ,0,2,0,26.5,27.2,2019,11
KEFAR HAROE                                       ,7,3,7,0.2,0.5,2019,11
ENAT                                              ,0,2,0,0.8,0.9,2019,11
NES ZIYYONA                                       ,0,2,5,9.0,11.0,2019,11
NIZZAN                                            ,0,1,0,0.6,0.6,2019,11
NAHAL OZ                                          ,0,1,0,11.8,11.8,2019,11
BE'ERI                                            ,0,1,0,13.9,13.9,2019,11
KISSUFIM                                          ,7,1,7,0.2,0.2,2019,11
NIRIM                                             ,0,1,0,0.6,0.6,2019,11
HAMADYA                                           ,0,1,0,15.1,15.1,2019,11
NE'OT SMADAR                                      ,0,0,0,0.0,0.0,2019,11
MASSADA                                           ,0,2,0,1.4,1.6,2019,11
NEWE UR                                           ,0,2,0,2.0,2.5,2019,11
SEDE ELIYYAHU                                     ,0,1,0,11.3,11.3,2019,11
HAZEVA                                            ,0,0,0,0.0,0.0,2019,11
PARAN                                             ,0,1,0,0.1,0.1,2019,11
YOTVATA                                           ,0,0,0,0.0,0.0,2019,11
NEWE ATIV                                         ,0,4,0,29.4,38.7,2019,11
YONATAN                                           ,0,1,0,8.8,8.8,2019,11
AVNE ETAN                                         ,0,2,0,14.0,14.2,2019,11
MEROM GOLAN PICMAN                                ,0,5,0,15.0,19.3,2019,11
REGAVIM                                           ,0,15,0,105.1,309.9,2019,12
KEFAR HAROE                                       ,0,12,5,58.0,201.2,2019,12
ENAT                                              ,0,12,0,63.8,172.0,2019,12
NES ZIYYONA                                       ,0,12,5,48.0,151.0,2019,12
NIZZAN                                            ,0,11,0,46.4,101.6,2019,12
NAHAL OZ                                          ,0,8,0,41.6,106.7,2019,12
BE'ERI                                            ,0,9,0,30.5,77.2,2019,12
KISSUFIM                                          ,0,7,5,50.0,104.6,2019,12
NIRIM                                             ,0,7,0,10.8,21.6,2019,12
HAMADYA                                           ,0,9,0,28.2,110.9,2019,12
NE'OT SMADAR                                      ,0,1,0,0.5,0.5,2019,12
MASSADA                                           ,0,11,0,56.3,135.8,2019,12
NEWE UR                                           ,0,10,0,31.5,122.5,2019,12
SEDE ELIYYAHU                                     ,0,10,0,35.4,88.6,2019,12
HAZEVA                                            ,0,3,0,1.6,2.1,2019,12
PARAN                                             ,0,2,0,0.5,0.6,2019,12
YOTVATA                                           ,0,2,0,0.4,0.7,2019,12
NEWE ATIV                                         ,0,14,0,102.0,357.9,2019,12
YONATAN                                           ,0,13,0,109.0,258.8,2019,12
AVNE ETAN                                         ,0,11,0,91.2,207.4,2019,12
MEROM GOLAN PICMAN                                ,0,15,0,120.0,285.3,2019,12
REGAVIM                                           ,0,23,0,58.1,265.0,2020,1
KEFAR HAROE                                       ,0,23,5,40.0,194.3,2020,1
ENAT                                              ,0,20,0,92.4,391.0,2020,1
NES ZIYYONA                                       ,0,17,0,66.0,283.0,2020,1
NIZZAN                                            ,0,16,0,87.6,316.2,2020,1
NAHAL OZ                                          ,0,17,0,46.6,201.8,2020,1
BE'ERI                                            ,0,17,0,34.8,159.7,2020,1
KISSUFIM                                          ,0,15,0,38.0,146.5,2020,1
NIRIM                                             ,0,14,5,18.0,97.9,2020,1
HAMADYA                                           ,0,21,0,33.8,162.2,2020,1
NE'OT SMADAR                                      ,0,6,0,1.9,2.8,2020,1
MASSADA                                           ,0,22,0,51.6,178.6,2020,1
NEWE UR                                           ,0,21,5,45.0,180.2,2020,1
SEDE ELIYYAHU                                     ,0,20,0,23.8,107.5,2020,1
HAZEVA                                            ,0,8,0,2.6,7.1,2020,1
PARAN                                             ,0,3,0,0.5,1.0,2020,1
YOTVATA                                           ,0,3,0,2.8,3.5,2020,1
NEWE ATIV                                         ,0,20,0,77.4,419.2,2020,1
YONATAN                                           ,0,22,5,53.2,256.8,2020,1
AVNE ETAN                                         ,0,22,0,50.9,220.7,2020,1
MEROM GOLAN PICMAN                                ,0,24,0,94.5,331.6,2020,1
REGAVIM                                           ,0,17,0,12.9,78.9,2020,2
KEFAR HAROE                                       ,0,13,5,16.0,68.8,2020,2
ENAT                                              ,0,15,0,25.4,103.7,2020,2
NES ZIYYONA                                       ,0,12,5,14.0,56.0,2020,2
NIZZAN                                            ,0,13,0,17.1,60.1,2020,2
NAHAL OZ                                          ,0,9,5,25.0,56.5,2020,2
BE'ERI                                            ,0,11,0,21.9,49.1,2020,2
KISSUFIM                                          ,0,8,0,20.5,60.6,2020,2
NIRIM                                             ,0,9,0,53.1,98.8,2020,2
HAMADYA                                           ,0,8,0,8.8,36.9,2020,2
NE'OT SMADAR                                      ,0,3,0,30.1,37.1,2020,2
MASSADA                                           ,0,10,0,17.5,57.7,2020,2
NEWE UR                                           ,0,10,0,17.5,50.0,2020,2
SEDE ELIYYAHU                                     ,0,10,0,10.1,34.8,2020,2
HAZEVA                                            ,0,5,0,42.6,44.5,2020,2
PARAN                                             ,0,7,0,42.0,48.0,2020,2
YOTVATA                                           ,0,4,0,23.7,31.3,2020,2
NEWE ATIV                                         ,0,11,0,49.0,164.6,2020,2
YONATAN                                           ,0,12,5,33.8,96.7,2020,2
AVNE ETAN                                         ,0,15,0,22.9,93.0,2020,2
MEROM GOLAN PICMAN                                ,0,14,0,48.7,142.2,2020,2
REGAVIM                                           ,0,10,0,21.5,81.3,2020,3
KEFAR HAROE                                       ,0,10,5,29.0,91.6,2020,3
ENAT                                              ,0,11,0,21.0,100.4,2020,3
NES ZIYYONA                                       ,0,13,5,26.5,95.3,2020,3
NIZZAN                                            ,0,10,0,24.9,85.6,2020,3
NAHAL OZ                                          ,0,10,5,56.0,151.8,2020,3
BE'ERI                                            ,0,10,5,38.4,110.3,2020,3
KISSUFIM                                          ,0,10,0,21.2,88.6,2020,3
NIRIM                                             ,0,10,0,24.4,78.1,2020,3
HAMADYA                                           ,0,9,0,18.8,55.0,2020,3
NE'OT SMADAR                                      ,0,2,0,23.4,28.1,2020,3
MASSADA                                           ,0,11,0,18.8,48.2,2020,3
NEWE UR                                           ,0,10,0,20.0,62.0,2020,3
SEDE ELIYYAHU                                     ,0,10,0,19.5,50.6,2020,3
HAZEVA                                            ,0,4,0,6.4,12.5,2020,3
PARAN                                             ,0,4,0,17.2,26.2,2020,3
YOTVATA                                           ,0,2,0,10.2,12.6,2020,3
NEWE ATIV                                         ,0,11,0,39.6,100.6,2020,3
YONATAN                                           ,0,8,0,33.8,99.2,2020,3
AVNE ETAN                                         ,0,10,0,21.1,80.9,2020,3
MEROM GOLAN PICMAN                                ,0,11,0,40.3,120.7,2020,3
REGAVIM                                           ,0,5,0,20.5,31.8,2020,4
KEFAR HAROE                                       ,0,5,5,12.0,19.3,2020,4
ENAT                                              ,0,6,0,7.9,14.7,2020,4
NES ZIYYONA                                       ,0,3,5,15.8,16.2,2020,4
NIZZAN                                            ,0,3,0,6.4,7.9,2020,4
NAHAL OZ                                          ,0,4,0,1.8,3.8,2020,4
BE'ERI                                            ,0,4,0,3.2,9.3,2020,4
KISSUFIM                                          ,0,4,0,4.4,9.1,2020,4
NIRIM                                             ,0,4,0,9.0,11.0,2020,4
HAMADYA                                           ,0,4,0,39.9,66.7,2020,4
NE'OT SMADAR                                      ,0,0,0,0.0,0.0,2020,4
MASSADA                                           ,0,7,0,23.5,40.7,2020,4
NEWE UR                                           ,0,6,5,50.0,74.0,2020,4
SEDE ELIYYAHU                                     ,0,4,0,22.9,44.2,2020,4
HAZEVA                                            ,0,2,0,0.1,0.2,2020,4
PARAN                                             ,0,2,0,2.7,3.2,2020,4
YOTVATA                                           ,0,0,0,0.0,0.0,2020,4
NEWE ATIV                                         ,0,7,0,46.1,96.3,2020,4
YONATAN                                           ,0,7,5,20.0,42.5,2020,4
AVNE ETAN                                         ,0,7,0,25.6,44.5,2020,4
MEROM GOLAN PICMAN                                ,0,8,0,32.4,58.0,2020,4
REGAVIM                                           ,0,4,0,13.5,17.8,2020,5
KEFAR HAROE                                       ,0,3,0,12.2,13.2,2020,5
ENAT                                              ,0,1,0,6.4,6.4,2020,5
NES ZIYYONA                                       ,0,2,0,4.0,4.2,2020,5
NIZZAN                                            ,0,1,0,6.3,6.3,2020,5
NAHAL OZ                                          ,0,1,0,1.7,1.7,2020,5
BE'ERI                                            ,0,1,0,6.1,6.1,2020,5
KISSUFIM                                          ,0,1,0,2.1,2.1,2020,5
NIRIM                                             ,0,1,0,1.5,1.5,2020,5
HAMADYA                                           ,0,5,0,4.4,8.1,2020,5
NE'OT SMADAR                                      ,0,0,0,0.0,0.0,2020,5
MASSADA                                           ,0,5,0,10.8,17.0,2020,5
NEWE UR                                           ,0,5,0,9.5,14.5,2020,5
SEDE ELIYYAHU                                     ,0,4,0,3.6,8.8,2020,5
HAZEVA                                            ,0,0,0,0.0,0.0,2020,5
PARAN                                             ,0,0,0,0.0,0.0,2020,5
YOTVATA                                           ,0,0,0,0.0,0.0,2020,5
NEWE ATIV                                         ,0,7,5,32.4,47.1,2020,5
YONATAN                                           ,0,5,0,16.3,33.7,2020,5
AVNE ETAN                                         ,0,5,0,14.2,29.8,2020,5
MEROM GOLAN PICMAN                                ,0,4,0,21.4,49.5,2020,5
NIZZAN                                            ,0,0,0,0.0,0.0,2020,6
BE'ERI                                            ,0,0,0,0.0,0.0,2020,6
NE'OT SMADAR                                      ,0,0,0,0.0,0.0,2020,6
MASSADA                                           ,0,0,0,0.0,0.0,2020,6
SEDE ELIYYAHU                                     ,0,0,0,0.0,0.0,2020,6
HAZEVA                                            ,0,0,0,0.0,0.0,2020,6
PARAN                                             ,0,0,0,0.0,0.0,2020,6
YOTVATA                                           ,0,0,0,0.0,0.0,2020,6
AVNE ETAN                                         ,0,0,0,0.0,0.0,2020,6
MEROM GOLAN PICMAN                                ,0,0,0,0.0,0.0,2020,6
NIZZAN                                            ,0,0,0,0.0,0.0,2020,7
NE'OT SMADAR                                      ,0,0,0,0.0,0.0,2020,7
MASSADA                                           ,0,0,0,0.0,0.0,2020,7
SEDE ELIYYAHU                                     ,0,0,0,0.0,0.0,2020,7
HAZEVA                                            ,0,0,0,0.0,0.0,2020,7
PARAN                                             ,0,0,0,0.0,0.0,2020,7
YOTVATA                                           ,0,0,0,0.0,0.0,2020,7
AVNE ETAN                                         ,0,0,0,0.0,0.0,2020,7
MEROM GOLAN PICMAN                                ,0,0,0,0.0,0.0,2020,7
REGAVIM                                           ,0,0,0,0.0,0.0,2020,8
ENAT                                              ,0,0,0,0.0,0.0,2020,8
NIZZAN                                            ,0,0,0,0.0,0.0,2020,8
NAHAL OZ                                          ,0,0,0,0.0,0.0,2020,8
BE'ERI                                            ,0,0,0,0.0,0.0,2020,8
KISSUFIM                                          ,0,0,0,0.0,0.0,2020,8
NIRIM                                             ,0,0,0,0.0,0.0,2020,8
HAMADYA                                           ,0,0,0,0.0,0.0,2020,8
NE'OT SMADAR                                      ,0,0,0,0.0,0.0,2020,8
MASSADA                                           ,0,0,0,0.0,0.0,2020,8
NEWE UR                                           ,0,0,0,0.0,0.0,2020,8
SEDE ELIYYAHU                                     ,0,0,0,0.0,0.0,2020,8
HAZEVA                                            ,0,0,0,0.0,0.0,2020,8
PARAN                                             ,0,0,0,0.0,0.0,2020,8
YOTVATA                                           ,0,0,0,0.0,0.0,2020,8
NEWE ATIV                                         ,0,0,0,0.0,0.0,2020,8
YONATAN                                           ,0,0,0,0.0,0.0,2020,8
AVNE ETAN                                         ,0,0,0,0.0,0.0,2020,8
MEROM GOLAN PICMAN                                ,0,1,0,0.1,0.1,2020,8
REGAVIM                                           ,0,0,0,0.0,0.0,2020,9
KEFAR HAROE                                       ,0,0,0,0.0,0.0,2020,9
ENAT                                              ,0,0,0,0.0,0.0,2020,9
NES ZIYYONA                                       ,0,0,0,0.0,0.0,2020,9
NIZZAN                                            ,0,0,0,0.0,0.0,2020,9
NAHAL OZ                                          ,0,0,0,0.0,0.0,2020,9
BE'ERI                                            ,0,0,0,0.0,0.0,2020,9
KISSUFIM                                          ,0,0,0,0.0,0.0,2020,9
NIRIM                                             ,0,0,0,0.0,0.0,2020,9
HAMADYA                                           ,0,0,0,0.0,0.0,2020,9
NE'OT SMADAR                                      ,0,0,0,0.0,0.0,2020,9
MASSADA                                           ,0,0,0,0.0,0.0,2020,9
NEWE UR                                           ,0,0,0,0.0,0.0,2020,9
SEDE ELIYYAHU                                     ,0,1,0,0.6,0.6,2020,9
HAZEVA                                            ,0,0,0,0.0,0.0,2020,9
PARAN                                             ,0,0,0,0.0,0.0,2020,9
YOTVATA                                           ,0,0,0,0.0,0.0,2020,9
NEWE ATIV                                         ,0,0,0,0.0,0.0,2020,9
YONATAN                                           ,0,0,0,0.0,0.0,2020,9
AVNE ETAN                                         ,0,0,0,0.0,0.0,2020,9
MEROM GOLAN PICMAN                                ,0,0,0,0.0,0.0,2020,9
REGAVIM                                           ,0,0,0,0.0,0.0,2020,10
KEFAR HAROE                                       ,0,0,0,0.0,0.0,2020,10
ENAT                                              ,0,0,0,0.0,0.0,2020,10
NES ZIYYONA                                       ,0,0,0,0.0,0.0,2020,10
NIZZAN                                            ,0,0,0,0.0,0.0,2020,10
NAHAL OZ                                          ,0,0,0,0.0,0.0,2020,10
BE'ERI                                            ,0,0,0,0.0,0.0,2020,10
KISSUFIM                                          ,0,0,0,0.0,0.0,2020,10
NIRIM                                             ,0,0,0,0.0,0.0,2020,10
HAMADYA                                           ,0,0,0,0.0,0.0,2020,10
NE'OT SMADAR                                      ,0,0,0,0.0,0.0,2020,10
MASSADA                                           ,0,0,0,0.0,0.0,2020,10
NEWE UR                                           ,0,0,0,0.0,0.0,2020,10
SEDE ELIYYAHU                                     ,0,0,0,0.0,0.0,2020,10
HAZEVA                                            ,0,0,0,0.0,0.0,2020,10
PARAN                                             ,0,1,0,1.4,1.4,2020,10
YOTVATA                                           ,0,0,0,0.0,0.0,2020,10
NEWE ATIV                                         ,0,0,0,0.0,0.0,2020,10
YONATAN                                           ,0,0,0,0.0,0.0,2020,10
AVNE ETAN                                         ,0,0,0,0.0,0.0,2020,10
MEROM GOLAN PICMAN                                ,0,0,0,0.0,0.0,2020,10
REGAVIM                                           ,0,11,0,69.4,204.9,2020,11
KEFAR HAROE                                       ,0,12,5,68.0,221.5,2020,11
ENAT                                              ,0,11,0,95.5,248.8,2020,11
NES ZIYYONA                                       ,0,11,5,91.0,251.0,2020,11
NIZZAN                                            ,0,14,0,62.8,151.0,2020,11
NAHAL OZ                                          ,0,9,0,26.4,101.8,2020,11
BE'ERI                                            ,0,9,0,14.7,49.5,2020,11
KISSUFIM                                          ,0,9,0,26.4,56.0,2020,11
NIRIM                                             ,0,7,0,20.5,32.8,2020,11
HAMADYA                                           ,0,10,0,14.3,45.3,2020,11
NE'OT SMADAR                                      ,7,1,7,0.1,0.1,2020,11
MASSADA                                           ,0,10,0,20.7,76.3,2020,11
NEWE UR                                           ,0,10,0,21.0,62.0,2020,11
SEDE ELIYYAHU                                     ,0,9,0,11.0,40.8,2020,11
HAZEVA                                            ,0,2,0,5.0,5.1,2020,11
PARAN                                             ,0,2,0,0.7,0.8,2020,11
YOTVATA                                           ,0,2,0,2.9,3.1,2020,11
NEWE ATIV                                         ,0,11,0,78.3,173.9,2020,11
YONATAN                                           ,0,11,0,51.0,146.6,2020,11
AVNE ETAN                                         ,0,10,0,33.7,119.1,2020,11
MEROM GOLAN PICMAN                                ,0,12,0,66.6,163.1,2020,11
REGAVIM                                           ,0,11,0,64.2,161.6,2020,12
KEFAR HAROE                                       ,0,8,5,88.0,156.2,2020,12
ENAT                                              ,0,10,0,25.3,89.7,2020,12
NES ZIYYONA                                       ,0,9,0,27.0,82.7,2020,12
NIZZAN                                            ,0,8,0,52.4,109.8,2020,12
NAHAL OZ                                          ,0,5,5,47.8,59.7,2020,12
BE'ERI                                            ,0,3,5,26.0,36.8,2020,12
KISSUFIM                                          ,0,3,5,30.4,50.5,2020,12
NIRIM                                             ,0,4,0,34.8,47.5,2020,12
HAMADYA                                           ,0,7,0,40.7,78.2,2020,12
NE'OT SMADAR                                      ,0,2,0,4.3,5.2,2020,12
MASSADA                                           ,0,8,0,43.5,73.2,2020,12
NEWE UR                                           ,0,6,0,47.0,83.5,2020,12
SEDE ELIYYAHU                                     ,0,6,0,28.0,61.8,2020,12
HAZEVA                                            ,0,2,0,5.2,8.0,2020,12
PARAN                                             ,0,2,0,1.3,1.4,2020,12
YOTVATA                                           ,0,1,0,1.7,1.7,2020,12
NEWE ATIV                                         ,0,9,5,70.0,168.6,2020,12
YONATAN                                           ,0,9,0,44.5,104.1,2020,12
AVNE ETAN                                         ,0,8,0,48.1,100.3,2020,12
MEROM GOLAN PICMAN                                ,0,10,0,31.6,97.6,2020,12
REGAVIM                                           ,0,11,0,46.3,169.4,2021,1
KEFAR HAROE                                       ,0,11,5,33.0,143.2,2021,1
ENAT                                              ,0,11,0,30.3,119.6,2021,1
NES ZIYYONA                                       ,0,11,0,46.0,116.5,2021,1
NIZZAN                                            ,0,10,0,23.9,88.6,2021,1
NAHAL OZ                                          ,0,9,5,36.0,67.4,2021,1
BE'ERI                                            ,0,9,0,34.9,62.8,2021,1
KISSUFIM                                          ,0,6,5,22.3,57.7,2021,1
NIRIM                                             ,0,5,0,33.0,61.4,2021,1
HAMADYA                                           ,0,11,0,22.4,84.6,2021,1
NE'OT SMADAR                                      ,0,1,0,1.0,1.0,2021,1
MASSADA                                           ,0,11,0,24.6,86.5,2021,1
NEWE UR                                           ,0,11,0,23.5,95.5,2021,1
SEDE ELIYYAHU                                     ,0,11,0,21.5,77.2,2021,1
HAZEVA                                            ,0,0,0,0.0,0.0,2021,1
PARAN                                             ,0,0,0,0.0,0.0,2021,1
YOTVATA                                           ,0,2,0,0.5,0.8,2021,1
NEWE ATIV                                         ,0,12,0,73.0,299.5,2021,1
YONATAN                                           ,0,12,0,53.0,184.1,2021,1
AVNE ETAN                                         ,0,12,0,38.6,124.6,2021,1
MEROM GOLAN PICMAN                                ,0,12,0,69.5,224.7,2021,1
REGAVIM                                           ,0,7,0,49.4,97.8,2021,2
KEFAR HAROE                                       ,0,7,0,32.3,96.5,2021,2
ENAT                                              ,0,7,0,47.5,144.0,2021,2
NES ZIYYONA                                       ,8,7,7,34.0,119.5,2021,2
NIZZAN                                            ,0,7,0,26.3,94.9,2021,2
NAHAL OZ                                          ,0,6,0,79.8,125.9,2021,2
BE'ERI                                            ,0,8,0,47.2,84.4,2021,2
KISSUFIM                                          ,0,8,0,35.0,78.6,2021,2
NIRIM                                             ,0,8,0,21.2,50.4,2021,2
HAMADYA                                           ,0,5,0,33.4,81.0,2021,2
NE'OT SMADAR                                      ,0,3,0,3.9,5.1,2021,2
MASSADA                                           ,0,7,0,44.1,94.8,2021,2
NEWE UR                                           ,0,5,5,43.0,103.5,2021,2
SEDE ELIYYAHU                                     ,0,6,0,29.3,75.2,2021,2
HAZEVA                                            ,0,4,0,7.9,10.0,2021,2
PARAN                                             ,0,5,0,3.7,5.7,2021,2
YOTVATA                                           ,0,4,0,4.9,6.8,2021,2
NEWE ATIV                                         ,0,6,5,64.0,135.8,2021,2
YONATAN                                           ,0,6,0,56.9,117.1,2021,2
AVNE ETAN                                         ,0,6,0,48.2,109.7,2021,2
MEROM GOLAN PICMAN                                ,7,5,7,55.0,133.4,2021,2
REGAVIM                                           ,8,9,0,17.0,53.6,2021,3
KEFAR HAROE                                       ,0,9,5,7.6,26.3,2021,3
ENAT                                              ,0,8,0,7.1,25.2,2021,3
NES ZIYYONA                                       ,7,7,7,7.0,17.0,2021,3
NIZZAN                                            ,7,9,7,4.3,15.2,2021,3
NAHAL OZ                                          ,0,5,0,20.0,36.6,2021,3
BE'ERI                                            ,0,5,0,18.3,28.1,2021,3
KISSUFIM                                          ,8,5,0,14.2,26.0,2021,3
NIRIM                                             ,0,5,5,7.0,21.4,2021,3
HAMADYA                                           ,0,9,0,5.3,17.9,2021,3
NE'OT SMADAR                                      ,0,0,0,0.0,0.0,2021,3
MASSADA                                           ,0,9,0,6.7,22.2,2021,3
NEWE UR                                           ,0,9,0,11.0,29.0,2021,3
SEDE ELIYYAHU                                     ,0,9,0,5.1,13.6,2021,3
HAZEVA                                            ,0,0,0,0.0,0.0,2021,3
PARAN                                             ,0,0,0,0.0,0.0,2021,3
YOTVATA                                           ,0,0,0,0.0,0.0,2021,3
NEWE ATIV                                         ,0,11,0,18.6,73.2,2021,3
YONATAN                                           ,0,10,0,9.1,40.2,2021,3
AVNE ETAN                                         ,0,10,0,6.0,24.8,2021,3
MEROM GOLAN PICMAN                                ,0,13,0,19.8,53.0,2021,3
REGAVIM                                           ,8,3,0,7.4,14.2,2021,4
KEFAR HAROE                                       ,0,3,0,10.3,15.3,2021,4
ENAT                                              ,0,2,0,7.2,7.6,2021,4
NES ZIYYONA                                       ,7,1,7,2.0,2.0,2021,4
NIZZAN                                            ,0,1,0,1.0,1.0,2021,4
NAHAL OZ                                          ,0,0,0,0.0,0.0,2021,4
BE'ERI                                            ,0,0,0,0.0,0.0,2021,4
KISSUFIM                                          ,0,0,0,0.0,0.0,2021,4
NIRIM                                             ,0,0,0,0.0,0.0,2021,4
HAMADYA                                           ,0,2,0,1.4,2.3,2021,4
NE'OT SMADAR                                      ,0,0,0,0.0,0.0,2021,4
MASSADA                                           ,0,2,0,3.5,4.2,2021,4
NEWE UR                                           ,0,2,0,3.0,5.5,2021,4
SEDE ELIYYAHU                                     ,0,2,0,2.2,3.2,2021,4
HAZEVA                                            ,0,0,0,0.0,0.0,2021,4
PARAN                                             ,0,0,0,0.0,0.0,2021,4
YOTVATA                                           ,0,0,0,0.0,0.0,2021,4
NEWE ATIV                                         ,0,4,0,15.1,32.9,2021,4
YONATAN                                           ,0,3,0,18.8,22.0,2021,4
AVNE ETAN                                         ,0,2,0,8.0,12.3,2021,4
MEROM GOLAN PICMAN                                ,0,5,0,22.7,38.3,2021,4
REGAVIM                                           ,0,0,0,0.0,0.0,2021,5
KEFAR HAROE                                       ,0,0,0,0.0,0.0,2021,5
ENAT                                              ,0,0,0,0.0,0.0,2021,5
NES ZIYYONA                                       ,0,0,0,0.0,0.0,2021,5
NIZZAN                                            ,0,0,0,0.0,0.0,2021,5
NAHAL OZ                                          ,0,0,0,0.0,0.0,2021,5
BE'ERI                                            ,0,0,0,0.0,0.0,2021,5
KISSUFIM                                          ,0,0,0,0.0,0.0,2021,5
NIRIM                                             ,0,0,0,0.0,0.0,2021,5
HAMADYA                                           ,0,0,0,0.0,0.0,2021,5
NE'OT SMADAR                                      ,0,0,0,0.0,0.0,2021,5
MASSADA                                           ,0,0,0,0.0,0.0,2021,5
NEWE UR                                           ,0,0,0,0.0,0.0,2021,5
SEDE ELIYYAHU                                     ,0,0,0,0.0,0.0,2021,5
HAZEVA                                            ,0,0,0,0.0,0.0,2021,5
PARAN                                             ,0,0,0,0.0,0.0,2021,5
YOTVATA                                           ,0,0,0,0.0,0.0,2021,5
NEWE ATIV                                         ,0,0,0,0.0,0.0,2021,5
YONATAN                                           ,0,0,0,0.0,0.0,2021,5
AVNE ETAN                                         ,0,0,0,0.0,0.0,2021,5
MEROM GOLAN PICMAN                                ,0,0,0,0.0,0.0,2021,5
NIZZAN                                            ,0,0,0,0.0,0.0,2021,6
BE'ERI                                            ,0,0,0,0.0,0.0,2021,6
HAMADYA                                           ,0,0,0,0.0,0.0,2021,6
MASSADA                                           ,0,0,0,0.0,0.0,2021,6
SEDE ELIYYAHU                                     ,0,0,0,0.0,0.0,2021,6
HAZEVA                                            ,0,0,0,0.0,0.0,2021,6
PARAN                                             ,0,0,0,0.0,0.0,2021,6
YOTVATA                                           ,0,0,0,0.0,0.0,2021,6
AVNE ETAN                                         ,0,0,0,0.0,0.0,2021,6
MEROM GOLAN PICMAN                                ,0,0,0,0.0,0.0,2021,6
NIZZAN                                            ,0,0,0,0.0,0.0,2021,7
BE'ERI                                            ,0,0,0,0.0,0.0,2021,7
MASSADA                                           ,0,1,0,0.4,0.4,2021,7
SEDE ELIYYAHU                                     ,0,0,0,0.0,0.0,2021,7
HAZEVA                                            ,0,0,0,0.0,0.0,2021,7
PARAN                                             ,0,0,0,0.0,0.0,2021,7
YOTVATA                                           ,0,0,0,0.0,0.0,2021,7
AVNE ETAN                                         ,0,0,0,0.0,0.0,2021,7
MEROM GOLAN PICMAN                                ,0,0,0,0.0,0.0,2021,7
REGAVIM                                           ,0,0,0,0.0,0.0,2021,8
ENAT                                              ,0,0,0,0.0,0.0,2021,8
NES ZIYYONA                                       ,0,0,0,0.0,0.0,2021,8
NIZZAN                                            ,0,0,0,0.0,0.0,2021,8
NAHAL OZ                                          ,0,0,0,0.0,0.0,2021,8
BE'ERI                                            ,0,0,0,0.0,0.0,2021,8
KISSUFIM                                          ,0,0,0,0.0,0.0,2021,8
NIRIM                                             ,0,0,0,0.0,0.0,2021,8
HAMADYA                                           ,0,0,0,0.0,0.0,2021,8
NE'OT SMADAR                                      ,0,0,0,0.0,0.0,2021,8
MASSADA                                           ,0,0,0,0.0,0.0,2021,8
SEDE ELIYYAHU                                     ,0,0,0,0.0,0.0,2021,8
HAZEVA                                            ,0,0,0,0.0,0.0,2021,8
PARAN                                             ,0,0,0,0.0,0.0,2021,8
YOTVATA                                           ,0,0,0,0.0,0.0,2021,8
YONATAN                                           ,0,0,0,0.0,0.0,2021,8
AVNE ETAN                                         ,0,0,0,0.0,0.0,2021,8
MEROM GOLAN PICMAN                                ,0,0,0,0.0,0.0,2021,8
REGAVIM                                           ,0,2,0,1.7,2.6,2021,9
KEFAR HAROE                                       ,0,2,5,3.4,4.2,2021,9
ENAT                                              ,0,1,0,0.6,0.6,2021,9
NES ZIYYONA                                       ,7,1,7,1.0,1.0,2021,9
NIZZAN                                            ,0,1,0,7.2,7.2,2021,9
NAHAL OZ                                          ,0,0,0,0.0,0.0,2021,9
BE'ERI                                            ,0,2,0,0.7,1.1,2021,9
KISSUFIM                                          ,7,2,7,1.0,1.5,2021,9
NIRIM                                             ,0,2,0,1.2,2.1,2021,9
HAMADYA                                           ,7,1,7,0.2,0.2,2021,9
NE'OT SMADAR                                      ,0,0,0,0.0,0.0,2021,9
MASSADA                                           ,0,0,0,0.0,0.0,2021,9
SEDE ELIYYAHU                                     ,0,1,0,1.1,1.1,2021,9
HAZEVA                                            ,0,1,0,0.8,0.8,2021,9
PARAN                                             ,0,0,0,0.0,0.0,2021,9
YOTVATA                                           ,0,0,0,0.0,0.0,2021,9
YONATAN                                           ,0,0,0,0.0,0.0,2021,9
AVNE ETAN                                         ,0,0,0,0.0,0.0,2021,9
MEROM GOLAN PICMAN                                ,0,1,0,0.1,0.1,2021,9
REGAVIM                                           ,0,4,0,5.6,6.5,2021,10
KEFAR HAROE                                       ,0,3,5,4.5,5.2,2021,10
ENAT                                              ,0,5,0,2.2,4.8,2021,10
NES ZIYYONA                                       ,0,3,0,2.4,2.8,2021,10
NIZZAN                                            ,0,3,0,0.6,1.4,2021,10
NAHAL OZ                                          ,0,1,0,2.5,2.5,2021,10
BE'ERI                                            ,0,2,0,0.5,0.8,2021,10
KISSUFIM                                          ,7,2,7,0.5,0.7,2021,10
NIRIM                                             ,7,1,7,1.0,1.0,2021,10
HAMADYA                                           ,0,2,0,1.5,1.9,2021,10
NE'OT SMADAR                                      ,0,0,0,0.0,0.0,2021,10
MASSADA                                           ,0,4,0,0.8,1.9,2021,10
SEDE ELIYYAHU                                     ,0,3,0,3.3,4.2,2021,10
HAZEVA                                            ,0,1,0,0.1,0.1,2021,10
PARAN                                             ,0,1,0,0.2,0.2,2021,10
YOTVATA                                           ,0,1,0,0.3,0.3,2021,10
YONATAN                                           ,0,4,0,2.7,5.1,2021,10
AVNE ETAN                                         ,0,4,0,2.6,4.6,2021,10
MEROM GOLAN PICMAN                                ,0,7,0,6.2,9.2,2021,10
